"VEHICLES_MAKER_NAME","VEHICLES_PRICE"
"Honda Jazz Petrol","600000"
"Honda BR-V Petrol","800000"
"Honda Accord Petrol","4400000"
"Honda WR-V Diesel","791000"
"Honda Brio Diesel","481000"
"Honda Accord Diesel","4200000"
"Honda Civic Electric","2500000"
"TVS Jupiter","54115"
"TVS Scooty Zest","54294"
"Acura MDX Petrol","1017250"
"Lexus LS 460 Other","721500"
"Fiat Punto Petrol","432250"
"Geely MK Cross Petrol","409500"
"Mercedes-Benz CL 500 Other","578500"
"Chery Amulet Gas","377000"
"Chevrolet Malibu Other","1560000"
"Volkswagen Golf II Gas","149500"
"Lexus RX 270 Petrol","2788500"
"Nissan Sunny Diesel","94250"
"Mercedes-Benz 320 Diesel","1118000"
"Mercedes-Benz 200 Diesel","129935"
"Mercedes-Benz ML 550 Petrol","1774500"
"Volkswagen Golf Plus Petrol","906750"
"Volkswagen Golf III Diesel","77935"
"Chery Jaggi Petrol","266500"
"Mercedes-Benz CLA-Class Diesel","2502500"
"Nissan Sunny Other","149500"
"Audi 100 Diesel","227500"
"Nissan Pathfinder Gas","585000"
"Mercedes-Benz S 55 Petrol","422500"
"Mercedes-Benz CLS 63 AMG Petrol","5525000"
"Renault Fluence Petrol","780000"
"Smart Fortwo Diesel","474500"
"Fiat 500 Petrol","734500"
"BMW 735 Gas","617500"
"Mercedes-Benz Smart Petrol","247000"
"Dodge Avenger Petrol","474500"
"Mercedes-Benz GL 450 Petrol","2528500"
"Kia Carens Petrol","741000"
"Acura TL Gas","565435"
"Geely CK-2 Gas","266500"
"Chery Kimo Petrol","292500"
"Hyundai Pony Petrol","149500"
"Mercedes-Benz S 550 Other","2723500"
"TATA Xenon Diesel","838500"
"ZX LandMark Petrol","500500"
"Renault Captur Petrol","1146565.417"
"Opel Zafira Petrol","715000"
"Mercedes-Benz SL 500 (550) Other","1332500"
"Mercedes-Benz ML 280 Diesel","1287000"
"BMW 645 Petrol","1605500"
"Mercedes-Benz 210 Petrol","455000"
"BMW X5 M Diesel","2437500"
"VAZ 2109 Other","103935"
"VAZ 2102 Petrol","25286.625"
"UAZ 469 Petrol","520000"
"Nissan Kubistar Diesel","308750"
"Toyota Tundra Gas","2502500"
"Hyundai Grandeur Gas","715000"
"Renault Laguna Gas","461500"
"Peugeot 607 Gas","377000"
"Fiat Linea Petrol","559000"
"Lifan 520 Petrol","227500"
"Chevrolet Aveo Other","435500"
"VAZ 2123 Gas","253500"
"Toyota Venza Other","1514500"
"GAZ 21 Other","16857.75"
"Toyota Sienna Other","926250"
"Volkswagen Vento Petrol","100750"
"Seat Cordoba Gas","494000"
"Toyota Corolla Verso Petrol","487500"
"Renault Fluence Diesel","604500"
"Fiat Uno Petrol","60206.25"
"Suzuki Vitara Petrol","1261923"
"GAZ 2410 Petrol","130000"
"Mercedes-Benz CLS 350 Gas","581750"
"Mercury Grand Marquis Gas","650000"
"Mitsubishi Space Wagon Gas","273000"
"Jeep Wrangler Other","1755000"
"Jaguar S-Type Petrol","487500"
"VAZ 2104 Diesel","169000"
"Chevrolet Evanda Gas","422500"
"Toyota Lite Ace Gas","71500"
"Opel Corsa Gas","201500"
"Skoda Superb Other","305500"
"Mitsubishi Pajero Pinin Petrol","513500"
"Ford Escort Gas","45500"
"Groz Shuttle Gas","325000"
"Volkswagen Bora Gas","318500"
"ZAZ Lanos Other","240500"
"Toyota Auris Gas","903500"
"Peugeot 106 Petrol","123500"
"BMW Z3 Petrol","325000"
"Seat Toledo Petrol","520000"
"Mazda Xedos 9 Gas","324935"
"Ford Ranger Petrol","331500"
"Mazda Tribute Gas","812500"
"VAZ 2171 Gas","357500"
"Hyundai Coupe Gas","695500"
"Lexus GS 300 Other","910000"
"Audi TT Gas","845000"
"Lexus LS 430 Gas","585000"
"Mercedes-Benz S 140 Diesel","708500"
"GAZ 24 Gas","247000"
"Lexus SC 430 Petrol","1300000"
"Subaru Tribeca Other","1137500"
"Mercedes-Benz A 170 Diesel","227500"
"Renault 9 Gas","78000"
"Toyota Corolla Diesel","533000"
"Lexus CT Other","1495000"
"VAZ 2112 Other","234000"
"Citroen DS4 Gas","903500"
"Mercedes-Benz CLK 280 Petrol","1430000"
"Mercedes-Benz SLK 350 Petrol","1228500"
"Peugeot 406 Petrol","747500"
"Volvo XC60 Diesel","2528500"
"Great Wall Hover Gas","552500"
"Renault Modus Petrol","484250"
"Moskvich-Izh 2117 Gas","72245.09175"
"Moskvich-Izh 2717 Gas","71500"
"Saab 43229 Petrol","455000"
"Chery Eastar Gas","312000"
"Lancia Thema Diesel","126750"
"Hyundai Matrix Diesel","468000"
"Mercedes-Benz S 320 Gas","487500"
"Toyota Land Cruiser 80 Diesel","572000"
"GAZ 24 Other","422500"
"Volkswagen Touareg Other","4225000"
"Lifan 320 Petrol","279500"
"Lexus ES 330 Gas","702000"
"Ford F-350 Other","1397500"
"Peugeot 206 Gas","383500"
"BMW X3 Gas","1410500"
"Mercedes-Benz CLK 200 Petrol","188500"
"Geely CK-2 Petrol","318500"
"Subaru Forester Other","520000"
"Mercedes-Benz A 150 Petrol","760500"
"Lexus IS 200 Diesel","182000"
"Jaguar X-Type Petrol","637000"
"Fiat Tipo Gas","201500"
"Subaru Impreza Gas","422500"
"Chevrolet Lumina Petrol","227500"
"Chery Jaggi Gas","195000"
"Hyundai Getz Other","331500"
"Toyota Land Cruiser 80 Gas","682500"
"Mitsubishi Pajero Petrol","454350"
"Audi Q3 Diesel","2502500"
"Chery M11 Petrol","390000"
"Citroen C5 Petrol","351000"
"Volkswagen Passat B3 Diesel","195000"
"BMW 520 Other","1170000"
"GAZ 31029 Gas","107250"
"Mercedes-Benz ML 320 Gas","585000"
"Toyota Yaris Diesel","812500"
"Lincoln Navigator Gas","812500"
"Hyundai i30 Other","643500"
"Ford Taurus Gas","143000"
"BMW 630 Other","1495000"
"Ford Courier Gas","191750"
"Ford C-Max Diesel","438750"
"Nissan Maxima Other","265720"
"Mercedes-Benz CLK 320 Petrol","338000"
"Hummer H3 Other","1287000"
"Chevrolet Captiva Diesel","1527500"
"Suzuki Jimny Petrol","565500"
"Renault Sandero StepWay Diesel","865886.2875"
"Chevrolet Cobalt Gas","390000"
"Ford Focus Other","1163500"
"Peugeot 306 Diesel","325000"
"Peugeot 206 Diesel","273000"
"Fiat Cinquecento Gas","84500"
"Renault Captur Diesel","1364755.275"
"Moskvich-AZLK 401 Petrol","715000"
"Ford Escort Other","123500"
"Honda S2000 Petrol","1293500"
"VAZ 1118 Gas","208000"
"Kia Koup Petrol","1430000"
"UAZ 3151 Other","292500"
"Volvo S60 Diesel","2632500"
"Lexus IS 200 Petrol","598000"
"BMW X6 M Other","7605000"
"UAZ 3163 Other","442000"
"Jeep Compass Gas","734500"
"Peugeot 605 Petrol","175500"
"Chery Kimo Gas","292500"
"Jaguar XJR-S Petrol","292500"
"Volkswagen Passat B2 Gas","123500"
"Volvo XC90 Petrol","994500"
"Toyota Land Cruiser 105 Petrol","1300000"
"Toyota Auris Other","900250"
"Toyota Celica Petrol","455000"
"Mercedes-Benz ML 430 Gas","552500"
"Chery Tiggo Gas","487500"
"Toyota Yaris Other","487500"
"Lexus LS 400 Gas","357500"
"BMW 728 Petrol","455000"
"Geely Emgrand X7 Gas","643500"
"Mercedes-Benz ML 270 Diesel","877500"
"Mazda 323 Other","78000"
"Audi 80 Diesel","87750"
"Chrysler Crossfire Petrol","520000"
"Aro 10 Petrol","234000"
"Lexus ES 300 Petrol","617500"
"Infiniti Q70 Petrol","2210000"
"Skoda Spaceback Petrol","963800.916"
"Mitsubishi Eclipse Petrol","624000"
"Opel Frontera Gas","435500"
"Mercedes-Benz SL 55 AMG Petrol","2860000"
"Daewoo Gentra Petrol","533000"
"Nissan 350Z Petrol","1267500"
"Chery Amulet Other","214500"
"Ford Kuga Gas","1007500"
"Mercedes-Benz E-Class Gas","1332500"
"Mercedes-Benz CL 550 Petrol","2275000"
"Mercedes-Benz B 180 Diesel","1157000"
"Mercedes-Benz E-Class Other","2145000"
"Nissan X-Trail Petrol","1079000"
"Renault Megane Diesel","682500"
"Mercedes-Benz E-Class Diesel","1475500"
"Nissan Qashqai Petrol","1329065.01"
"BMW 316 Petrol","305500"
"BMW 750 Petrol","1299935"
"Mercedes-Benz GLE-Class Petrol","6499935"
"BMW M5 Petrol","4803500"
"Nissan X-Trail Diesel","1692180.945"
"BMW X5 Diesel","6824935"
"Mercedes-Benz GLE-Class Diesel","4549935"
"Nissan Leaf Other","908700"
"Volkswagen Passat B6 Petrol","695500"
"Audi A6 Diesel","169000"
"Chrysler Sebring Petrol","890500"
"Jaguar XF Petrol","1220505"
"Audi A6 Other","185250"
"Audi A6 Petrol","2405000"
"BMW 5 Series Diesel","123500"
"BMW 520 Petrol","2556645"
"Mitsubishi Outlander Petrol","598000"
"Nissan Juke Petrol","1315723.305"
"Volkswagen Passat B6 Diesel","584935"
"Mitsubishi Galant Gas","780000"
"Kia Sportage Diesel","1341202.59"
"Porsche Cayenne Diesel","3575000"
"Volkswagen Passat B5 Diesel","156000"
"Honda Accord Gas","1209000"
"Toyota Land Cruiser 200 Diesel","12675000"
"Porsche Cayenne Petrol","3308500"
"Audi Q7 Diesel","2333500"
"Mitsubishi Outlander XL Gas","844935"
"BMW 520 Gas","552500"
"Audi Q7 Petrol","2340000"
"Toyota Camry Petrol","1007500"
"Volkswagen Touareg Diesel","1163500"
"BMW 530 Petrol","1365000"
"Hyundai Accent Petrol","767000"
"BMW 530 Diesel","253500"
"Volkswagen Touareg Petrol","2177500"
"Toyota Land Cruiser Prado Petrol","1982500"
"Toyota Land Cruiser Prado Gas","2002000"
"Mercedes-Benz E-Class Petrol","1917500"
"Opel Vectra C Diesel","230750"
"Toyota Land Cruiser 200 Petrol","6499935"
"Mercedes-Benz GLS 350 Diesel","7019935"
"Audi Q5 Diesel","2210000"
"BMW 318 Petrol","185250"
"Chevrolet Lacetti Petrol","442000"
"Skoda Superb Petrol","1163500"
"Toyota Land Cruiser Prado Diesel","2450500"
"Land Rover Range Rover Sport Diesel","1917500"
"Mercedes-Benz GLS 350 Other","6081075"
"Volkswagen Passat B7 Diesel","1950000"
"Mitsubishi Lancer X Petrol","519935"
"Land Rover Range Rover Sport Petrol","2827500"
"Land Rover Range Rover Evoque Diesel","2600000"
"Chevrolet Lacetti Gas","507000"
"BMW X5 Gas","412750"
"Daewoo Lanos Petrol","227500"
"BMW X5 Petrol","1657500"
"Mitsubishi Pajero Wagon Gas","1234935"
"Skoda Octavia A5 Petrol","858000"
"Mazda 3 Petrol","598000"
"Mazda 6 Petrol","520000"
"Lexus LX 570 Gas","5589935"
"Toyota Camry Gas","799500"
"BMW 740 Petrol","747500"
"Lexus LX 570 Petrol","5167500"
"Lexus GS 300 Petrol","1079000"
"Audi A5 Petrol","1624740"
"Audi A6 Gas","442000"
"Ford Kuga Diesel","1007500"
"Mercedes-Benz C-Class Petrol","2483000"
"Hyundai Tucson Other","682500"
"Skoda Octavia A7 Petrol","1248000"
"Infiniti FX 37 Gas","2339935"
"Toyota Camry Other","903500"
"Lexus GX Gas","1456000"
"Mercedes-Benz CL 55 AMG Petrol","2437500"
"Audi A5 Other","2535000"
"Mercedes-Benz C-Class Diesel","1624935"
"Toyota IQ Petrol","734500"
"Nissan Qashqai Diesel","1649892.075"
"Tesla Model S Other","10374000"
"Audi A4 Gas","126750"
"BMW 520 Diesel","1820000"
"Subaru Forester Petrol","838500"
"Kia Ceed Diesel","1066000"
"Audi A4 Other","126750"
"Volkswagen Polo Petrol","643500"
"VAZ 2121 Gas","234000"
"Honda Civic Petrol","844350"
"Chevrolet Aveo Gas","338000"
"Kia Ceed Petrol","864500"
"Audi A4 Petrol","162500"
"Mitsubishi Lancer Petrol","403000"
"Nissan Murano Gas","1183000"
"Ford Focus Petrol","812500"
"Kia Sorento Gas","572000"
"Porsche Panamera Diesel","4543500"
"Opel Astra G Petrol","347750"
"Kia Sorento Diesel","2778205.365"
"Chevrolet Aveo Petrol","435500"
"Alfa Romeo 147 Petrol","383500"
"Mercedes-Benz ML 500 Petrol","3575000"
"Mitsubishi Lancer X Gas","637000"
"Smart Fortwo Petrol","520000"
"Renault Duster Diesel","955500"
"Lexus LX 450 Diesel","8811075"
"Hyundai Santa FE Diesel","942500"
"VAZ 2114 Petrol","266500"
"Mitsubishi Lancer Other","403000"
"Ford Focus Gas","786435"
"Mercedes-Benz S 320 Diesel","1612000"
"Ford Fiesta Gas","799500"
"Land Rover Range Rover Petrol","6694935"
"Suzuki Grand Vitara Petrol","747500"
"Kia Sportage Petrol","1332500"
"BMW X6 M Petrol","5849935"
"BMW 316 Gas","552500"
"Toyota Land Cruiser 200 Other","2340000"
"Mercedes-Benz S 320 Petrol","819000"
"Peugeot 307 Petrol","539500"
"Audi A8 Diesel","269750"
"Toyota Highlander Petrol","1865500"
"Daewoo Matiz Petrol","227435"
"Skoda Octavia Tour Gas","497250"
"Audi 80 Other","156715"
"Ford Fiesta Petrol","383500"
"Toyota Rav 4 Petrol","994500"
"Nissan Micra Petrol","604500"
"Toyota Sequoia Gas","2450500"
"BMW 525 Diesel","520000"
"Volkswagen Passat B5 Gas","455000"
"BMW X5 M Petrol","2249000"
"Audi 80 Gas","84500"
"Opel Omega Diesel","104000"
"Mercedes-Benz G 500 Gas","2333500"
"Ford Kuga Petrol","1066000"
"Subaru Forester Diesel","2528500"
"Lexus LX 470 Gas","1787500"
"Mercedes-Benz S 500 Petrol","2723500"
"Mazda 626 Gas","175500"
"Hyundai Getz Gas","403000"
"Volkswagen Jetta Other","1241500"
"Volkswagen Touran Diesel","689000"
"BMW 328 Gas","552500"
"BMW 323 Petrol","416000"
"Mazda 6 Other","1625000"
"Subaru Legacy Petrol","682500"
"BMW 528 Petrol","1878500"
"Opel Omega Gas","435500"
"Peugeot 407 Petrol","390000"
"Nissan Primera Petrol","435500"
"Lexus IS 250 Other","975000"
"Porsche 911 Petrol","3900000"
"Mercedes-Benz V 250 Diesel","4725500"
"Opel Omega Petrol","273000"
"Mercedes-Benz G 500 Petrol","3477500"
"Subaru Legacy Diesel","793000"
"Hyundai IX35 Diesel","1664000"
"Subaru Forester Gas","630500"
"BMW 550 Petrol","4911075"
"Opel Astra H Gas","711750"
"Mazda 626 Petrol","182000"
"Toyota Corolla Petrol","578500"
"Ford Mondeo Petrol","162500"
"Opel Astra H Diesel","442000"
"Toyota Corolla Gas","591500"
"BMW 523 Petrol","422500"
"Audi Q7 Gas","1547000"
"Volkswagen Touran Petrol","2190500"
"Volkswagen Jetta Petrol","845000"
"Volkswagen Passat B7 Petrol","1235000"
"Lexus RX 350 Gas","1299935"
"BMW 320 Diesel","201500"
"Kia Rio Petrol","728000"
"Mitsubishi Outlander Gas","520000"
"Peugeot 308 Diesel","1163184.75"
"Hyundai IX35 Gas","1228500"
"Chery Amulet Petrol","227500"
"Bentley Continental Petrol","5525000"
"Volkswagen Passat CC Petrol","1495000"
"Hyundai Tucson Diesel","702000"
"Infiniti FX 37 Petrol","2197000"
"Nissan Pathfinder Diesel","942500"
"Mazda CX-7 Petrol","877500"
"Nissan Teana Petrol","799500"
"Hyundai Santa FE Gas","1059500"
"Hyundai Tucson Gas","702000"
"Volkswagen Polo Other","942500"
"Mercedes-Benz CLK 240 Petrol","994500"
"Mercedes-Benz G 63 AMG Gas","2307500"
"Nissan Qashqai Gas","812500"
"Toyota Rav 4 Gas","1007500"
"Volvo S80 Petrol","1552200"
"Mercedes-Benz S 63 AMG Petrol","16250000"
"Toyota Land Cruiser 100 Diesel","1287000"
"Porsche Cayenne Gas","1202500"
"Subaru Tribeca Petrol","708500"
"VAZ 2115 Gas","214500"
"Hyundai Elantra Petrol","1375833.225"
"SsangYong Kyron Diesel","741000"
"Toyota Land Cruiser 100 Gas","1196000"
"Hyundai Tucson Petrol","728000"
"Volvo S80 Other","663000"
"Mitsubishi Pajero Sport Gas","760500"
"Ford Scorpio Petrol","81250"
"Mercedes-Benz G 63 AMG Petrol","9100000"
"Skoda Fabia Petrol","338000"
"BMW Z4 Petrol","1397500"
"Toyota FJ Cruiser Petrol","1612000"
"Audi A6 Allroad Diesel","3575000"
"Mercedes-Benz ML 350 Petrol","1365000"
"Mercedes-Benz 220 Diesel","715000"
"Chevrolet Niva Other","289250"
"Renault Megane Petrol","175500"
"Opel Zafira Diesel","832000"
"BMW X6 Petrol","2574000"
"Kia Sportage Gas","1274000"
"Chevrolet Epica Petrol","578500"
"VAZ 21099 Gas","217750"
"Volkswagen Jetta Gas","159250"
"BMW 730 Diesel","2145000"
"Skoda Octavia Diesel","221000"
"BMW 640 Petrol","3243500"
"Volkswagen Caddy Diesel","702000"
"Land Rover Range Rover Sport Gas","1267500"
"VAZ 21099 Petrol","188500"
"Nissan GT-R Petrol","7534571.363"
"VAZ 2107 Petrol","234000"
"Opel Astra G Diesel","120250"
"Honda Civic Gas","338000"
"Mercedes-Benz ML 350 Gas","1885000"
"Ford Mustang GT Gas","845000"
"Mitsubishi Pajero Wagon Diesel","1215500"
"Audi A6 Allroad Petrol","1104935"
"ZAZ Lanos Petrol","386750"
"Hyundai Sonata Gas","968500"
"Citroen DS5 Petrol","1235000"
"Hyundai Sonata Petrol","2177500"
"Renault Laguna Diesel","139750"
"Volkswagen Tiguan Petrol","1040000"
"Hyundai Grandeur Petrol","1423500"
"Volkswagen Golf Variant Diesel","715000"
"Volkswagen Golf VI Diesel","825500"
"Daewoo Sens Petrol","178750"
"Renault Symbol Petrol","273000"
"Mercedes-Benz 200 Petrol","246935"
"Ford Mondeo Gas","198250"
"Dodge RAM Gas","1040000"
"BMW 735 Petrol","819000"
"Lexus LX 470 Petrol","1748500"
"Suzuki Grand Vitara Gas","714935"
"Lexus IS 250 Petrol","994500"
"Nissan Armada Gas","1227720"
"VAZ 2170 Petrol","354250"
"BMW X1 Petrol","1332500"
"VAZ 2114 Gas","217750"
"Mercedes-Benz S 550 Petrol","1592500"
"BMW 525 Petrol","325000"
"Lexus GS 350 Petrol","1104935"
"Ford C-Max Petrol","468000"
"Lexus LX 570 Diesel","7507500"
"BMW 535 Petrol","2405000"
"Dodge RAM Petrol","1592500"
"Lexus LS 460 Petrol","2405000"
"Toyota Venza Gas","1426750"
"VAZ 2108 Petrol","52000"
"Daewoo Lanos Gas","253500"
"Skoda Fabia Gas","451750"
"Peugeot 207 Petrol","442000"
"Mazda CX-9 Petrol","1014000"
"Mazda 6 Gas","435500"
"BMW 535 Other","2925000"
"Renault Latitude Petrol","799500"
"Toyota Rav 4 Diesel","1859000"
"Jeep Grand Cherokee Diesel","2600000"
"Kia Magentis Petrol","357500"
"Great Wall Haval Petrol","682500"
"Audi A8 Petrol","4680000"
"Honda Pilot Gas","1355250"
"Skoda Octavia Petrol","708500"
"Ford Mustang Petrol","3503500"
"Daewoo Lanos Other","256750"
"Audi A7 Diesel","2346500"
"Chevrolet Epica Gas","461500"
"VAZ 2106 Other","120250"
"BMW 325 Other","1332500"
"Mitsubishi Outlander XL Petrol","877435"
"Mercedes-Benz C-Class Gas","454935"
"Audi TT Petrol","1150500"
"Nissan Armada Petrol","1098500"
"SsangYong Actyon Diesel","533000"
"Chevrolet Niva Gas","377000"
"Seat Leon Petrol","585000"
"Toyota Venza Petrol","1657500"
"Chevrolet Corvette Petrol","2210000"
"Hyundai IX35 Petrol","1222000"
"Volkswagen Caravelle Other","324935"
"VAZ 2108 Other","97435"
"Toyota FJ Cruiser Gas","2166645"
"Hyundai Santa FE Petrol","844935"
"VAZ 2112 Petrol","182000"
"Honda Accord Other","845000"
"BMW 318 Gas","247000"
"Volkswagen Scirocco Petrol","1299675"
"Volkswagen Up Petrol","520000"
"Opel Astra J Diesel","708500"
"Volkswagen Golf VII Petrol","1118000"
"BMW X1 Diesel","2307500"
"Mercedes-Benz GL 350 Diesel","4543500"
"Kia Picanto Petrol","351000"
"Smart Cabrio Petrol","773500"
"Toyota Avalon Gas","844935"
"MINI Countryman Petrol","1556750"
"Daewoo Nubira Petrol","259935"
"BMW 535 Diesel","1657500"
"Jeep Grand Cherokee Petrol","318500"
"Audi A7 Other","3575000"
"Mazda RX-8 Petrol","598000"
"Dacia Logan Diesel","302250"
"SsangYong Rexton II Other","708500"
"VAZ 2103 Other","48750"
"Mazda 5 Petrol","513500"
"Mazda CX-7 Gas","598000"
"VAZ 2105 Petrol","64935"
"Kia Cerato Diesel","513500"
"Mercedes-Benz S 350 Petrol","1267500"
"Hummer H3 Gas","1397500"
"Opel Vectra C Petrol","357500"
"Chevrolet Niva Petrol","361075"
"Citroen C4 Diesel","858000"
"Subaru Outback Petrol","714935"
"Smart Fortwo Other","939250"
"Lexus LX 570 Other","2964000"
"VAZ 2101 Gas","169000"
"Volkswagen Caravelle Diesel","1155505"
"Dacia Logan Other","273000"
"Toyota Avensis Gas","1105000"
"SsangYong Rexton II Diesel","715000"
"BMW X3 Petrol","2697500"
"Chevrolet Tacuma Petrol","338000"
"Subaru Tribeca Gas","819000"
"BMW 740 Diesel","3932500"
"Geely Emgrand 7 (EC7) Gas","455000"
"BMW 325 Petrol","1488500"
"VAZ 2106 Gas","60206.25"
"Audi A7 Petrol","5297500"
"Lexus ES 350 Petrol","1105000"
"Mitsubishi Galant Petrol","370500"
"Skoda Rapid Diesel","825500"
"Mitsubishi Pajero Sport Diesel","2664350"
"Hyundai Elantra Gas","923000"
"Renault Grand Scenic Diesel","513500"
"Opel Frontera Diesel","159250"
"Peugeot 207 Gas","370500"
"Renault Scenic Petrol","585000"
"Toyota Auris Petrol","1176500"
"Kia Magentis Gas","585000"
"Volkswagen Phaeton Diesel","3105505"
"Audi Q5 Petrol","2164500"
"Chevrolet Cruze Gas","779350"
"VAZ 2107 Other","214500"
"Opel Vectra B Diesel","126750"
"BMW 540 Petrol","292500"
"Hyundai Getz Petrol","461500"
"Volkswagen Eos Diesel","1299935"
"Suzuki Swift Petrol","487500"
"Renault Scenic Diesel","454935"
"Mercedes-Benz S 140 Gas","497250"
"Honda CR-V Gas","994500"
"Chevrolet Cruze Petrol","721500"
"Chery QQ Petrol","195000"
"Volkswagen Passat B8 Petrol","1924000"
"Lexus RX 300 Gas","974935"
"BMW I3 Other","2527720"
"Volkswagen Passat B7 Other","1072500"
"BMW 740 Gas","451750"
"Subaru Outback Gas","650000"
"VAZ 2107 Gas","149500"
"Skoda Fabia Diesel","586625"
"VAZ 2101 Petrol","55250"
"Skoda Superb Gas","1085500"
"Chevrolet Captiva Gas","1235000"
"Kia Cerato Petrol","494000"
"VAZ 2105 Gas","91000"
"Skoda Octavia Tour Petrol","468000"
"Volvo XC70 Petrol","1300000"
"Kia Ceed Gas","572000"
"BMW 328 Petrol","468000"
"Mercedes-Benz CL 500 Petrol","1943500"
"Infiniti QX70 Petrol","3295208.475"
"Infiniti Q50 Petrol","2285549.663"
"Infiniti QX50 Petrol","2991431.82"
"Opel Vectra B Petrol","120250"
"Volkswagen Golf VII Diesel","1332500"
"Dacia Solenza Petrol","175500"
"Nissan Almera Petrol","454935"
"Mitsubishi Pajero Wagon Petrol","942500"
"Lexus ES 350 Other","1085500"
"Porsche Cayman Petrol","1943500"
"Maserati GranTurismo Petrol","7150000"
"Chrysler 300 C Petrol","890500"
"Skoda Octavia A5 Diesel","893750"
"Opel Vectra A Petrol","214500"
"Daewoo Sens Gas","305500"
"Volkswagen Bora Petrol","425750"
"Nissan Primera Diesel","279500"
"BMW 750 Other","3185000"
"Volvo XC70 Diesel","1722500"
"Toyota Highlander Gas","1878500"
"Volkswagen Phaeton Gas","403000"
"Volkswagen Passat B7 Gas","1032200"
"VAZ 1119 Gas","279500"
"Toyota Avensis Petrol","864500"
"Volkswagen Passat B5 Petrol","487500"
"Dodge RAM Other","1235000"
"Skoda Fabia Other","494000"
"Renault Koleos Diesel","923000"
"Honda Civic Diesel","900000"
"Nissan Almera Gas","481000"
"ZAZ Vida Petrol","409500"
"Volkswagen Golf VI Petrol","812500"
"Infiniti QX70 Diesel","3754196.843"
"Infiniti QX80 Petrol","6054581.325"
"Nissan Primera Gas","409500"
"Tesla Model X Other","11602500"
"BYD S6 Gas","909935"
"Land Rover Range Rover Gas","1610505"
"Peugeot 3008 Diesel","838500"
"Hyundai i30 Petrol","779935"
"BMW 5 Series GT Diesel","2067000"
"VAZ 1117 Gas","308750"
"Renault Koleos Gas","903500"
"Hyundai Accent Gas","728000"
"Suzuki Swift Gas","201500"
"Volkswagen Tiguan Diesel","1755000"
"Audi 100 Gas","325000"
"Bentley Flying Spur Petrol","16835000"
"Daewoo Nexia Petrol","211250"
"Nissan Qashqai Other","942500"
"Volkswagen Sharan Diesel","812500"
"Volkswagen Amarok Diesel","1352000"
"VAZ 2111 Petrol","194935"
"Seat Altea XL Diesel","711750"
"Infiniti G37 Petrol","1267500"
"Nissan TIIDA Petrol","533000"
"Chevrolet Cruze Other","864500"
"Daewoo Nexia Gas","247000"
"BMW 320 Petrol","1137500"
"BMW 320 Gas","396500"
"Opel Astra F Other","331500"
"Seat Ibiza Petrol","383500"
"ZAZ 965 Petrol","260000"
"Mercedes-Benz CLA 200 Petrol","1917500"
"BMW 530 Gas","975000"
"Mitsubishi Lancer Gas","474500"
"Hyundai Accent Diesel","442000"
"Volkswagen Golf IV Petrol","351000"
"Land Rover Range Rover Evoque Other","3042000"
"Bentley Bentayga Petrol","32499935"
"Toyota Tundra Petrol","2011750"
"VAZ 2121 Petrol","389935"
"Lexus RX 330 Petrol","897000"
"Audi A4 Allroad Petrol","1992250"
"Volkswagen Passat B4 Petrol","237250"
"Mitsubishi ASX Petrol","1137500"
"Dodge Durango Gas","617500"
"Opel Vectra C Gas","643500"
"Infiniti FX 30 Diesel","2658500"
"Ford Scorpio Gas","143000"
"Volkswagen Touareg Gas","845000"
"Citroen C3 Petrol","552500"
"Opel Vectra B Gas","136500"
"Mercedes-Benz S 65 AMG Petrol","2307500"
"Lexus RX 350 Petrol","2275000"
"Ford Escort Petrol","68250"
"Mitsubishi Colt Petrol","390000"
"Volkswagen Passat B3 Gas","188500"
"Nissan Note Petrol","494000"
"Honda Civic Other","604500"
"Seat Ibiza Diesel","591500"
"Volkswagen Golf III Petrol","286000"
"Renault Clio Diesel","598000"
"BMW 325 Diesel","312000"
"Seat Cordoba Diesel","273000"
"Suzuki SX4 Gas","780000"
"Audi A4 Diesel","1417000"
"Hyundai i30 Diesel","822250"
"BMW 745 Gas","702000"
"Infiniti FX 35 Petrol","923000"
"Mercedes-Benz S 600 Petrol","728000"
"Mazda CX-7 Other","835250"
"Land Rover Range Rover Evoque Gas","1494935"
"Ford Fusion Petrol","422500"
"BMW 540 Gas","650000"
"Mitsubishi ASX Gas","832000"
"ZAZ Forza Petrol","422500"
"Ford Sierra Petrol","578500"
"Mercedes-Benz GLS 63 Petrol","12999935"
"Nissan Maxima Gas","136500"
"Hyundai i20 Petrol","1189500"
"Peugeot RCZ Petrol","1820000"
"Subaru Impreza Petrol","403000"
"Opel Astra F Gas","256750"
"Opel Corsa Petrol","578500"
"Volkswagen Sharan Petrol","442000"
"Mitsubishi L 200 Diesel","1319500"
"ZAZ Sens Petrol","299000"
"VAZ 2113 Petrol","195000"
"Peugeot 3008 Gas","715000"
"Mitsubishi Carisma Petrol","344500"
"Infiniti FX 35 Gas","962000"
"Chrysler PT Cruiser Gas","448500"
"Seat Altea Diesel","552500"
"Kia Magentis Other","552500"
"Nissan TIIDA Gas","637000"
"Peugeot 107 Petrol","487500"
"ZAZ 110557 Gas","107250"
"Skoda Octavia A5 Gas","643500"
"Subaru Outback Diesel","2892500"
"Opel Vectra A Diesel","195000"
"Mercedes-Benz GL 500 Petrol","2593500"
"Chevrolet Camaro Petrol","3899935"
"Volkswagen Golf VII Other","1365000"
"Peugeot 508 Diesel","1157000"
"Volkswagen Jetta Diesel","1559935"
"BMW 320 Other","194935"
"Mercedes-Benz GL 320 Diesel","1917500"
"Opel Insignia Diesel","877500"
"Hyundai Coupe Petrol","646750"
"Mazda 323 Petrol","188500"
"Volkswagen Polo Diesel","649935"
"Skoda Octavia A7 Diesel","1444430"
"BMW 645 Gas","1299350"
"Geely Emgrand 7 (EC7) Petrol","477750"
"Mercedes-Benz A 170 Other","204750"
"Seat Cordoba Petrol","195000"
"VAZ 2121 Other","110500"
"Hyundai Matrix Petrol","422500"
"Ford Mondeo Diesel","149500"
"Audi A3 Petrol","1365000"
"Toyota Avensis Diesel","162435"
"Mazda 626 Diesel","143000"
"Mitsubishi Lancer Evolution Petrol","747500"
"Peugeot 301 Petrol","728000"
"Volkswagen Golf Variant Petrol","598000"
"Volkswagen Golf III Gas","256750"
"Citroen Grand C4 Picasso Diesel","1495000"
"BMW 330 Diesel","838500"
"Lexus RX 300 Petrol","994500"
"Skoda Octavia Scout Petrol","711750"
"Mazda Xedos 6 Petrol","253500"
"Opel Ascona Gas","118300"
"Mercedes-Benz S-Guard Petrol","19175000"
"Honda Crosstour Petrol","1683500"
"VAZ 2172 Petrol","370500"
"Cadillac Escalade Petrol","3055000"
"Audi A4 Allroad Gas","1462500"
"Nissan X-Trail Other","598000"
"Audi S8 Petrol","1462500"
"ZAZ 110557 Petrol","297700"
"Acura RL Gas","975000"
"Kia Carnival Diesel","682500"
"Volkswagen Passat CC Diesel","1755000"
"Volkswagen Golf V Gas","637000"
"VAZ 2109 Petrol","123500"
"Land Rover Range Rover Evoque Petrol","2730000"
"BMW X3 Diesel","442000"
"Mercedes-Benz ML 350 Diesel","2132000"
"Hyundai Terracan Diesel","256750"
"Mercedes-Benz CLS 350 Diesel","3542500"
"Porsche Panamera Other","7280000"
"Volkswagen Passat CC Other","1495000"
"Opel Astra J Petrol","672750"
"SsangYong Rodius Diesel","799500"
"BMW 745 Petrol","584935"
"Peugeot 3008 Other","864500"
"Lexus RX 400 Other","897000"
"Mazda 6 MPS Petrol","682500"
"Mazda 3 Gas","702000"
"Audi A8 Gas","819000"
"Renault Megane Other","383500"
"Peugeot 206 Petrol","350350"
"Volkswagen Passat B5 Other","152750"
"Skoda Octavia Tour Other","195000"
"Volkswagen Sharan Gas","389935"
"Mercedes-Benz ML 63 AMG Petrol","2600000"
"Aston Martin DB9 Petrol","4225000"
"Mercedes-Benz 190 Petrol","253500"
"Toyota Hilux Diesel","2859935"
"Renault 11 Gas","117000"
"Mercedes-Benz B 200 Diesel","884000"
"Mercedes-Benz 230 Gas","175500"
"BMW 5 Series Petrol","578500"
"Ford Fiesta Diesel","598000"
"Mercedes-Benz SLK 200 Petrol","975000"
"Opel Astra F Petrol","188500"
"ZAZ Lanos Gas","292500"
"Fiat Linea Diesel","572000"
"Renault Sandero Petrol","435500"
"Citroen DS4 Diesel","1423500"
"Volkswagen Lupo Petrol","143000"
"BMW 745 Other","845000"
"Toyota Corolla Other","617500"
"Geely MK Cross Gas","435500"
"VAZ 2110 Petrol","260000"
"Skoda Octavia Tour Diesel","520000"
"Suzuki Kizashi Petrol","416000"
"Mitsubishi Lancer Diesel","149500"
"BMW 730 Petrol","305500"
"Fiat Panda Petrol","63700"
"Nissan Navara Diesel","942500"
"Chery Tiggo Petrol","722234.175"
"Rover Range Rover Petrol","2502500"
"Honda Pilot Petrol","1267435"
"SsangYong Rexton Diesel","585000"
"Kia Rio Gas","767000"
"VAZ 2103 Petrol","130000"
"Renault Symbol Gas","318500"
"Volkswagen Touran Gas","519935"
"Opel Insignia Petrol","812500"
"Nissan X-Trail Gas","682500"
"Hummer H2 Gas","2567500"
"Toyota Land Cruiser Prado Other","3412500"
"VAZ 2113 Gas","234000"
"Toyota Mark II Gas","260000"
"Opel Vectra A Gas","253500"
"Seat Leon Gas","477750"
"Land Rover Freelander Petrol","227500"
"GAZ 31105 Petrol","247000"
"Honda Amaze Petrol","473000"
"Honda Amaze Diesel","560000"
"Honda City Petrol","1100000"
"Honda WR-V Petrol","791000"
"Honda Brio Petrol","500000"
"Honda CR-V Petrol","2200000"
"Honda City Diesel","892000"
"Honda Jazz Diesel","606000"
"Honda BR-V Diesel","928000"
"Honda CR-V Diesel","2500000"
"Honda Activa 5G","54643"
"Honda Activa i","51194"
"Hero Pleasure","48000"
"BMW 5 Series GT Petrol","2112500"
"Chrysler PT Cruiser Petrol","812500"
"VAZ 1119 Petrol","227500"
"VAZ 2112 Gas","260000"
"Volkswagen Golf V Petrol","598000"
"Nissan Sentra Petrol","1197381.9"
"Renault Scenic Gas","373750"
"Mercedes-Benz ML 500 Gas","1300000"
"Skoda Yeti Petrol","1040000"
"Fiat Grande Punto Petrol","390000"
"Subaru Outback Other","1091935"
"BMW X5 Other","1404000"
"Nissan Maxima Petrol","454935"
"Land Rover Freelander Diesel","1365000"
"Jeep Wrangler Petrol","812500"
"VAZ 2104 Petrol","117000"
"Renault Logan Petrol","568750"
"Mercedes-Benz S 250 Diesel","3575000"
"ZAZ Forza Gas","325000"
"Opel Insignia Gas","828750"
"Kia Cerato Gas","487500"
"BMW 640 Diesel","5561075"
"Mitsubishi Pajero Sport Other","630500"
"Renault 25 Gas","64935"
"Ford Fusion Diesel","416000"
"Volvo XC60 Petrol","1364935"
"Ford Fusion Gas","448500"
"Mitsubishi Lancer X Other","533000"
"Mercedes-Benz ML 320 Petrol","649935"
"Opel Astra H Petrol","416000"
"Nissan Note Gas","497250"
"Chevrolet Evanda Petrol","344500"
"Kia Soul Petrol","747500"
"Volkswagen Passat B8 Diesel","2574975"
"Fiat Tipo Petrol","126750"
"Volkswagen Golf IV Gas","162500"
"Audi A5 Diesel","975000"
"Volkswagen Polo Gas","585000"
"Nissan Patrol Petrol","2522000"
"Peugeot 307 Gas","409500"
"Seat Leon Diesel","455000"
"BMW 535 Gas","487500"
"Skoda Octavia Gas","520000"
"Daewoo Matiz Other","256750"
"SsangYong Korando Diesel","806000"
"Renault Fluence Gas","802750"
"Skoda Octavia A5 Other","494000"
"Audi A8 Other","4186000"
"Daewoo Nubira Gas","259935"
"Dacia Logan Petrol","285935"
"Geely CK Petrol","201500"
"Volkswagen Golf V Diesel","454935"
"Nissan Almera Diesel","136500"
"Nissan Patrol Diesel","429000"
"Hyundai ix55 (Veracruz) Gas","1007500"
"Ford Orion Petrol","113750"
"BMW 1 Series Petrol","266500"
"Kia Sephia Gas","195000"
"Alfa Romeo 159 Petrol","786500"
"Volkswagen Passat B4 Gas","234000"
"Renault Sandero Diesel","663000"
"BMW 525 Gas","533000"
"Hyundai i30 Gas","526500"
"Mazda MPV Diesel","441935"
"Mercedes-Benz 190 Gas","214500"
"Jaguar XF Diesel","3106642.5"
"Volkswagen Golf IV Diesel","175500"
"Nissan Sunny Petrol","234000"
"GMC Savana Petrol","2664935"
"Toyota Yaris Petrol","761007"
"ZAZ Sens Gas","393989.7"
"Peugeot 2008 Petrol","1235000"
"Lincoln Town Car Gas","650000"
"Mazda 3 Other","468000"
"MINI Cooper Petrol","1332500"
"Citroen C-Elysee Petrol","552435"
"Ford Galaxy Gas","149500"
"Volkswagen Golf IV Other","390000"
"Aston Martin Rapide Petrol","8125000"
"Opel Vectra B Other","240500"
"Opel Kadett Gas","136500"
"Renault Laguna Petrol","156000"
"Peugeot 407 Gas","455000"
"Mercedes-Benz GL 450 Gas","1670500"
"VAZ 2104 Gas","152750"
"Renault Logan Diesel","533000"
"Ford Focus Electric Other","862290"
"Geely MK Petrol","338000"
"Nissan Note Diesel","649935"
"Lexus GX Petrol","1807000"
"VAZ 2110 Gas","182000"
"BMW 730 Other","299000"
"Opel Kadett Petrol","123500"
"Mercedes-Benz S 500 Gas","708500"
"Suzuki SX4 Petrol","581750"
"Hyundai Elantra Other","858000"
"Mercedes-Benz 190 Diesel","120250"
"VAZ 2104 Other","84435"
"Ford Escort Diesel","214500"
"Ford Sierra Other","87750"
"VAZ 2110 Other","260000"
"VAZ 21093 Gas","182000"
"Chrysler 300 C Other","1105000"
"Renault Symbol Diesel","467935"
"VAZ 2103 Gas","97500"
"ZAZ Vida Gas","455000"
"Audi 80 Petrol","172250"
"Volvo XC90 Diesel","1417000"
"Lexus ES 300 Gas","682500"
"Chevrolet Tacuma Gas","325000"
"Opel Astra G Gas","383500"
"Citroen C4 Gas","455000"
"Citroen C3 Picasso Gas","598000"
"Mitsubishi Colt Other","474500"
"Ford Focus Diesel","646750"
"Opel Vectra C Other","468000"
"Mercedes-Benz G 55 AMG Petrol","3575000"
"Mercedes-Benz ML 320 Diesel","1384500"
"Lexus ES 350 Gas","1267500"
"Infiniti G35 Petrol","1059500"
"Moskvich-AZLK 2141 Petrol","71500"
"Citroen C1 Petrol","357500"
"Citroen C4 Petrol","630500"
"Audi A1 Petrol","1104935"
"Mercedes-Benz ML 350 Other","1267500"
"Audi 100 Petrol","260000"
"Renault Megane Gas","442000"
"Chevrolet Captiva Petrol","812435"
"BMW 330 Petrol","481000"
"Chery Eastar Petrol","259935"
"VAZ 2111 Gas","315250"
"Volvo XC90 Gas","1235000"
"VAZ 21093 Petrol","195000"
"Mazda CX-5 Petrol","1784250"
"Nissan Teana Gas","1202500"
"Peugeot 306 Gas","159185"
"Renault Espace Diesel","487500"
"Kia Sorento Petrol","1228500"
"VAZ 1118 Petrol","230750"
"Volkswagen Passat B4 Diesel","390000"
"Land Rover Discovery Diesel","230750"
"Ford Sierra Gas","136500"
"Mazda CX-9 Gas","923000"
"Renault 19 Petrol","162500"
"VAZ 2170 Gas","341250"
"Mercedes-Benz ML 250 Diesel","3705000"
"Citroen C3 Diesel","513500"
"Mitsubishi Pajero Diesel","256750"
"VAZ 2106 Petrol","84500"
"Hyundai i10 Petrol","380250"
"Chevrolet Volt Other","1870505"
"Opel Omega Other","169000"
"Ford Fiesta Other","357500"
"Opel Antara Petrol","682500"
"Nissan Primera Other","169000"
"Nissan Patrol Gas","507000"
"BMW 550 Diesel","3509935"
"VAZ 2105 Other","113750"
"Geely MK Gas","266500"
"Volkswagen Golf II Petrol","172250"
"Smart Roadster Petrol","539500"
"Mazda 6 Diesel","178750"
"Mitsubishi Colt Gas","331500"
"VAZ 21099 Other","123500"
"Hyundai Accent Other","377000"
"VAZ 2115 Other","338000"
"Jeep Cherokee Diesel","812500"
"GAZ 21 Petrol","975000"
"Skoda Superb Diesel","994500"
"Mercedes-Benz C-Class Other","325000"
"Mitsubishi Galant Other","52000"
"Volvo S40 Petrol","1007500"
"Mercedes-Benz S 400 Diesel","211250"
"Volkswagen Passat B3 Petrol","227500"
"Audi A6 Allroad Gas","617500"
"Kia Soul Diesel","760500"
"Chrysler Stratus Petrol","253500"
"VAZ 2109 Gas","81250"
"BMW 116 Petrol","785850"
"Audi Q3 Petrol","2795000"
"Mitsubishi Carisma Gas","292500"
"FAW V5 Petrol","318500"
"Infiniti FX 45 Gas","871000"
"Kia Picanto Other","617500"
"Jeep Grand Cherokee Gas","468000"
"Suzuki Splash Gas","793000"
"Hyundai ix55 (Veracruz) Diesel","1267500"
"Geely CK Gas","211250"
"Skoda Rapid Petrol","799500"
"Alfa Romeo Giulietta Petrol","1039935"
"Audi S5 Petrol","1949935"
"Lexus IS 300 Petrol","923000"
"Peugeot 301 Diesel","728000"
"Nissan Murano Petrol","845000"
"Hyundai IX35 Other","1137500"
"Nissan Murano Diesel","1527500"
"Chrysler 300 C Gas","1677000"
"Rover 200 Petrol","208000"
"Peugeot 605 Gas","182000"
"Peugeot 308 Petrol","617500"
"Kia Picanto Diesel","377000"
"Mercedes-Benz GLC-Class Diesel","3834935"
"Mercedes-Benz ML 400 Diesel","760500"
"UAZ 469 Other","357500"
"Skoda Felicia Petrol","149500"
"Geely GC6 Petrol","474500"
"Mercedes-Benz S 550 Gas","1592500"
"Moskvich-Izh 2717 Petrol","98738.25"
"Nissan Terrano Diesel","142935"
"Moskvich-AZLK 2141 Gas","71500"
"Fiat 500 L Petrol","1007500"
"Honda Legend Gas","952250"
"Fiat Cinquecento Petrol","87750"
"Moskvich-AZLK 2140 Petrol","18200"
"Mercedes-Benz 230 Petrol","292500"
"Mazda Xedos 9 Petrol","305500"
"Nissan Terrano Petrol","780000"
"Toyota Tacoma Petrol","2593500"
"Peugeot 307 Diesel","474500"
"Opel Ascona Petrol","68250"
"BMW 324 Diesel","143000"
"BYD F3 Petrol","403000"
"Mercedes-Benz S 350 Gas","1579500"
"Mercedes-Benz B 200 Petrol","838500"
"BMW 118 Petrol","682500"
"BMW 750 Gas","1066000"
"Kia Magentis Diesel","708500"
"Mitsubishi Grandis Petrol","747435"
"Mitsubishi Space Star Petrol","351000"
"GAZ 31105 Gas","295750"
"Chery Eastar Other","169000"
"Dacia Logan Gas","448500"
"BMW 328 Diesel","2372500"
"Ford Escort van Gas","97435"
"Subaru Legacy Gas","643500"
"Mercedes-Benz GLK 220 Diesel","2145000"
"Mercedes-Benz CLK 320 Gas","968500"
"Subaru Impreza WRX STI Petrol","845000"
"Mercedes-Benz CL 63 AMG Petrol","3347500"
"Fiat Doblo Panorama Petrol","390000"
"Toyota Aygo Gas","513500"
"Ford C-Max Gas","389935"
"Mercedes-Benz S 430 Gas","765505"
"UAZ 3303 Other","195000"
"Mercedes-Benz 250 Diesel","364000"
"Infiniti G25 Petrol","1547000"
"Mazda CX-5 Diesel","1872000"
"Daewoo Nexia Other","188500"
"Ferrari California Petrol","8450000"
"Volkswagen New Beetle Petrol","1443000"
"Renault Logan Gas","260000"
"Volvo S80 Diesel","208000"
"Toyota Avensis Other","1040000"
"Toyota Auris Diesel","828750"
"Volkswagen Passat B6 Gas","828750"
"Mitsubishi Grandis Gas","630500"
"SsangYong Rexton W Diesel","1426750"
"Kia Mohave Diesel","1690000"
"Lancia Prisma Other","100750"
"Volkswagen Beetle Diesel","227500"
"Smart City Petrol","253500"
"Ford Ranger Diesel","318500"
"Audi S4 Gas","507000"
"Audi S4 Petrol","1495000"
"BMW 120 Petrol","227500"
"Lexus NX 300 Petrol","3622008"
"Kia Sportage Other","1430000"
"Isuzu Trooper Diesel","390000"
"Kia Sephia Petrol","240500"
"Volkswagen Vento Gas","286000"
"Seat Ibiza Other","100750"
"Audi A3 Gas","637000"
"Toyota Prius Other","968500"
"Toyota Yaris Gas","448500"
"Bogdan 2110 Gas","318500"
"Peugeot 208 Petrol","890500"
"Mercedes-Benz Vaneo Diesel","442000"
"GAZ 3110 Gas","117000"
"Nissan NV Diesel","647400"
"Volkswagen Golf Plus Gas","539500"
"Renault Clio Petrol","325000"
"Audi 90 Other","227500"
"Kia Shuma Petrol","227435"
"Alfa Romeo 156 Diesel","152750"
"Ford Explorer Other","2600000"
"BYD F3 Gas","390000"
"Toyota Carina Petrol","247000"
"BYD F3R Petrol","435500"
"Ford B-Max Petrol","728000"
"Ford Courier Diesel","776750"
"BMW 5 Series Gas","546000"
"Chery Elara Gas","305500"
"Mercedes-Benz S 300 Diesel","533000"
"Chrysler Grand Voyager Diesel","175500"
"BMW 118 Diesel","526500"
"BMW 335 Petrol","1293500"
"ZAZ 968 Petrol","58435"
"Honda Prelude Petrol","403000"
"Mercedes-Benz A 140 Petrol","149500"
"Acura TL Petrol","555750"
"Audi A3 Diesel","240500"
"Dadi Shuttle Petrol","429000"
"Mercedes-Benz S 400 Petrol","11266645"
"UAZ 469 Gas","357500"
"Fiat 500 L Gas","981500"
"Rover 75 Petrol","357500"
"Dodge Neon Gas","230750"
"Audi R8 Petrol","3243500"
"Alfa Romeo 75 Petrol","149500"
"BMW 318 Other","182000"
"Volkswagen Multivan Gas","1118000"
"Chery Beat Petrol","299000"
"VAZ 1117 Petrol","289250"
"Jaguar XE Petrol","2593500"
"Rolls-Royce Phantom Petrol","8450000"
"Geely Emgrand 8 Gas","643500"
"Dodge Challenger Petrol","3055000"
"Mercedes-Benz CLK 230 Petrol","454935"
"Land Rover Freelander Gas","448500"
"Ferrari 458 Italia Petrol","13325000"
"Geely CK1 Petrol","201500"
"Citroen DS5 Diesel","1293500"
"Nissan Juke Gas","1353300"
"Peugeot 208 Diesel","812500"
"BMW 545 Petrol","1220505"
"Moskvich-Izh 2715 Petrol","48750"
"MINI Cooper S Petrol","776750"
"Suzuki Samurai Petrol","533000"
"Skoda Roomster Petrol","455000"
"Toyota Matrix Gas","585000"
"Nissan TIIDA Other","507000"
"Renault Clio Other","324935"
"Mercedes-Benz G 320 Gas","2080000"
"Mercedes-Benz 300 Diesel","175500"
"Citroen C3 Picasso Petrol","702000"
"Mitsubishi Galant Diesel","76700"
"Ford Granada Gas","44200"
"Nissan Altima Petrol","975000"
"Toyota Tacoma Gas","547300"
"Chevrolet Malibu Gas","1202500"
"Volkswagen Cross Touran Petrol","760500"
"VAZ 1118 Other","195000"
"Moskvich-AZLK 2140 Other","22750"
"MG 6 Petrol","682500"
"UAZ 31514 Petrol","526500"
"Mercedes-Benz CLS 500 Petrol","3705000"
"Seat Toledo Other","585000"
"Peugeot 508 Petrol","942500"
"Bentley Mulsanne Petrol","35607000"
"Smart Forfour Petrol","386750"
"Moskvich-AZLK 403 Petrol","97500"
"Renault Laguna Other","221000"
"BMW 428 Petrol","2437500"
"Moskvich-AZLK 412 Petrol","35750"
"Jaguar XKR Petrol","2112500"
"BMW 760 Petrol","1267500"
"Acura ZDX Other","2014935"
"Fiat Tempra Gas","123500"
"Chevrolet Lacetti Other","454935"
"Citroen C5 Diesel","107250"
"Citroen Xantia Diesel","104000"
"BMW 4 Series Gran Coupe Diesel","3394430"
"Alfa Romeo 156 Petrol","149500"
"Volvo S60 Petrol","1105000"
"Toyota Aygo Petrol","552500"
"Volvo V40 Diesel","1560000"
"Samand EL Gas","357500"
"Volkswagen Golf II Diesel","143000"
"Mitsubishi L 200 Other","1462500"
"Kia Besta Diesel","214500"
"Subaru Impreza WRX STI Other","1105000"
"Mercedes-Benz CLA 220 Diesel","2730000"
"Kia Opirus Petrol","604500"
"Toyota Land Cruiser 200 Gas","3100500"
"Lincoln Town Car Petrol","422500"
"Rover 75 Diesel","185250"
"Dodge Intrepid Petrol","279500"
"ZAZ Vida Other","513390.735"
"Great Wall Hover Petrol","552500"
"Daewoo Leganza Gas","194935"
"Mercedes-Benz R 320 Diesel","1169350"
"Hyundai Sonata Other","1189500"
"Jeep Cherokee Petrol","2404935"
"Volvo 850 Gas","312000"
"Nissan Cefiro Petrol","175500"
"Chevrolet Lumina Gas","227500"
"BMW 524 Diesel","188435"
"JAC J2 Petrol","312000"
"Suzuki Grand Vitara Other","711750"
"Kia Clarus Gas","162500"
"Mercedes-Benz A 180 Diesel","1852500"
"Mercedes-Benz CLC 180 Petrol","1222000"
"Volkswagen T2 (Transporter) Diesel","84500"
"Geely Emgrand 8 Petrol","598000"
"Great Wall C30 Petrol","572000"
"Ford F-150 Gas","2275000"
"Samsung SM5 Petrol","409435"
"Groz Polarsun Business Van Petrol","247000"
"Citroen C-Elysee Diesel","598000"
"Seat Toledo Gas","208000"
"Lamborghini Gallardo Petrol","8450000"
"Lincoln MKX Petrol","1397500"
"Lexus NX 200 Petrol","2944500"
"BMW M5 Other","1755000"
"Infiniti M35 Gas","1092000"
"Mitsubishi Lancer X Sportback Petrol","578500"
"Daihatsu Terios Petrol","708500"
"Honda Prelude Gas","90935"
"Honda HR-V Petrol","565500"
"Toyota Vista Petrol","552500"
"Volvo 240 Petrol","130000"
"Citroen Xsara Picasso Gas","338000"
"Fiat Bravo Gas","240500"
"Peugeot 405 Other","39000"
"Mercedes-Benz A 160 Petrol","104000"
"Volkswagen Syncro Diesel","682500"
"Opel Tigra Other","97500"
"Nissan Bluebird Petrol","143000"
"Renault 25 Petrol","77064"
"BMW 650 Petrol","1430000"
"Renault 5 Petrol","74750"
"Volvo 340 Other","65000"
"Porsche Macan Petrol","4127500"
"Hafei Saibao Petrol","396500"
"SMA Maple C81 Petrol","188500"
"Ford Galaxy Diesel","214500"
"Chrysler Pacifica Petrol","877500"
"VAZ 2170 Other","299000"
"Mercedes-Benz GL 420 Diesel","1657500"
"BMW X6 M Diesel","4218500"
"Mercedes-Benz S 420 Gas","403000"
"Lexus ES 200 Diesel","412750"
"Mercedes-Benz CLS 400 Petrol","6435000"
"Toyota 4Runner Petrol","2730000"
"Suzuki Ignis Gas","312000"
"Chrysler Voyager Diesel","321750"
"GAZ 32213 Petrol","110500"
"Ford Transit Custom Diesel","922935"
"Great Wall Safe Gas","520000"
"Honda City Other","1202500"
"Land Rover Discovery Sport Diesel","3705000"
"Infiniti M37 Petrol","1885000"
"Volvo 850 Petrol","188500"
"Fiat Doblo Panorama Other","455000"
"GAZ 2410 Other","129935"
"Mercedes-Benz S 280 Petrol","2274935"
"Peugeot 205 Diesel","129935"
"MINI One Diesel","682500"
"Chery Elara Petrol","240500"
"Nissan Gloria Other","468000"
"Ford Orion Gas","91000"
"Mitsubishi Virage Gas","390000"
"Dacia SuperNova Petrol","185250"
"Nissan Elgrand Other","412750"
"Dadi BDD Petrol","292500"
"Ford Tourneo Courier Diesel","975000"
"Fiat Stilo Gas","165750"
"Renault Koleos Petrol","838500"
"Chrysler Sebring Gas","578500"
"JAC S5 Gas","773500"
"Cadillac SRX Petrol","1332500"
"Suzuki Vitara Gas","227500"
"Land Rover Defender Diesel","2925000"
"Ford Mustang GT Petrol","4478500"
"Mercedes-Benz B 170 Gas","825500"
"Bogdan 2110 Petrol","325000"
"Kia Carens Diesel","520000"
"Smart Fortwo Gas","292500"
"Nissan Bluebird Gas","162500"
"Peugeot 405 Gas","81250"
"Daewoo Sens Other","214500"
"Chrysler 300 M Petrol","175500"
"Mercedes-Benz CLK 220 Petrol","455000"
"Suzuki Vitara Other","500500"
"Chrysler LHS Gas","247000"
"Mercedes-Benz S 280 Gas","194350"
"Ford Explorer Petrol","4179500"
"Opel Calibra Petrol","390000"
"Opel Rekord Petrol","84500"
"Nissan Almera Other","422500"
"Kia Pro Ceed Petrol","546000"
"Volkswagen Golf II Other","143000"
"Dodge Ram Van Diesel","468000"
"Infiniti EX 37 Petrol","1820000"
"Lexus GS 350 Other","1267500"
"Ford Edge Other","3829475"
"Land Rover Discovery Petrol","1085500"
"Audi S8 Gas","767000"
"Mercedes-Benz S 140 Petrol","422500"
"Nissan Micra Gas","455000"
"Citroen C4 Picasso Petrol","519935"
"Kia Optima Petrol","1098500"
"GAZ 21 Gas","71500"
"Geely CK1 Gas","259935"
"Citroen DS3 Diesel","844935"
"VAZ 2101 Other","32993.025"
"Peugeot 607 Diesel","152750"
"BMW X6 Other","3105505"
"BMW 6 Series Gran Coupe Other","5561075"
"Infiniti FX 35 Other","1709500"
"Mercedes-Benz G 55 AMG Gas","3900000"
"Kia Rio Other","448500"
"Hyundai Galloper Diesel","136500"
"Land Rover Range Rover Other","6759935"
"UAZ 31512 Petrol","162500"
"Nissan Qashqai+2 Gas","1085500"
"Kia Clarus Petrol","182000"
"Ford Probe Petrol","253500"
"Geely CK Other","208000"
"Toyota Fortuner Petrol","968500"
"Volkswagen Passat B2 Diesel","185250"
"SsangYong Actyon Sports Diesel","552500"
"Subaru XV Petrol","877500"
"Jeep Patriot Petrol","812500"
"Isuzu D-Max Diesel","907400"
"Changan Ideal Other","391820"
"Nissan Juke Nismo Petrol","1364935"
"Lexus RX 450 Other","2190500"
"Acura TLX Petrol","2483000"
"Volkswagen Beetle Petrol","552500"
"Honda Insight Other","715000"
"Opel Ampera Other","1248000"
"MG 5 Petrol","532935"
"GMC Acadia Petrol","779935"
"Nissan Stanza Petrol","107250"
"Mitsubishi Pajero Sport Petrol","500435"
"Volkswagen Golf Variant Gas","630500"
"Skoda Felicia Gas","136500"
"Mercedes-Benz 210 Diesel","136500"
"Mercedes-Benz CLS 350 Other","1332500"
"Mazda Premacy Petrol","146250"
"Renault 21 Petrol","87750"
"Toyota Scion Gas","663000"
"Subaru Legacy Other","312000"
"Chery CrossEastar Petrol","264907.5"
"Mercedes-Benz GLK 300 Gas","1943500"
"Geely MK-2 Gas","324935"
"Infiniti EX 35 Other","1352000"
"Nissan Juke Other","1020500"
"Honda Jazz Other","682500"
"Mercedes-Benz CL 500 Gas","942500"
"Citroen Xsara Petrol","216645"
"Dodge Caliber Petrol","682500"
"Volkswagen Bora Other","451750"
"Opel Agila Gas","246935"
"MG 350 Petrol","584935"
"Ford KA Petrol","165750"
"VAZ 1119 Other","227500"
"Mercedes-Benz CLC 200 Petrol","1169935"
"Toyota Land Cruiser 76 Diesel","4095000"
"MINI Paceman Diesel","2145000"
"Fiat 125 Gas","97500"
"Lexus RX 330 Gas","884000"
"Infiniti G25 Gas","1553500"
"Jaguar Daimler Petrol","1397500"
"Geely MK-2 Petrol","312000"
"Hyundai Solaris Petrol","832050.375"
"BMW M6 Petrol","5005000"
"Volkswagen Pointer Petrol","266500"
"Ford Thunderbird Other","370500"
"Citroen C4 Picasso Diesel","858000"
"Lexus ES 300 Other","526500"
"Toyota Previa Gas","1300000"
"Peugeot 5008 Diesel","786500"
"VAZ 2171 Petrol","305500"
"Lancia Phedra Diesel","195000"
"Barkas B1000 Petrol","357500"
"UAZ 3741 Gas","227500"
"MG 550 Petrol","578500"
"BMW 530 Other","357500"
"SsangYong Korando Gas","806000"
"Huanghai Aurora Petrol","552500"
"Kia Ceed Other","519935"
"Toyota Sienna Petrol","4452500"
"Alfa Romeo 33 Gas","117000"
"Toyota Carina Gas","175500"
"BMW 525 Other","442000"
"Mercedes-Benz CLK 430 Petrol","266500"
"Peugeot 407 Diesel","240435"
"Wartburg 1.3 Petrol","65000"
"Opel Zafira Gas","130000"
"Buick Century Petrol","227500"
"Opel Manta Petrol","259935"
"Opel Frontera Petrol","292500"
"Daihatsu Cuore Petrol","292500"
"Dodge Nitro Petrol","858000"
"Mercedes-Benz CL 180 Gas","107250"
"Lexus GS 250 Petrol","2795000"
"Daihatsu Gran Move Petrol","286000"
"Ford Granada Petrol","78000"
"Citroen Grand C4 Picasso Petrol","825500"
"UAZ 3962 Other","55250"
"Volkswagen Passat B2 Petrol","143000"
